"Dime Store","Diners",4.5
"Green Dot Stables","Bars",4
"Dime Store","Breakfast & Brunch",4.5
"Dime Store","American (New)",4.5
"Selden Standard","American (New)",4.5
"Green Dot Stables","American (New)",4
"Selden Standard","Breakfast & Brunch",4.5
"Selden Standard","Sandwiches",4.5
"Chartreuse","American (New)",4.5
"Chartreuse","Tapas/Small Plates",4.5
"Chartreuse","Cocktail Bars",4.5
"Detroit Institute of Arts","Art Museums",4.5
"Slows Bar BQ","Beer Bar",4
"Slows Bar BQ","Barbeque",4
"Slows Bar BQ","American (Traditional)",4
"Supino Pizzeria","Pizza",4.5
"Supino Pizzeria","Italian",4.5
"Mudgie's Deli & Wine Shop","Delis",4.5
"Mudgie's Deli & Wine Shop","Wine Bars",4.5
"Mudgie's Deli & Wine Shop","American (Traditional)",4.5
"Wright & Company","Gastropubs",4.5
"Wright & Company","American (New)",4.5
"Wright & Company","Tapas/Small Plates",4.5
"Roast","Steakhouses",4
"Lafayette Coney Island","Hot Dogs",4
"Lafayette Coney Island","American (New)",4
"Grey Ghost Detroit","American (Traditional)",4
"Grey Ghost Detroit","Beer Bar",4
"Grey Ghost Detroit","Cocktail Bars",4
"ima","Noodles",4.5
"ima","Soup",4.5
"Taqueria El Rey","Mexican",4.5
"Taqueria El Rey","Beer Bar",4.5
"Taqueria El Rey","Seafood",4.5
"Takoi","Thai",4.5
"Takoi","Pan Asian",4.5
"Takoi","Cocktail Bars",4.5
"Standby","American (New)",4.5
"Standby","Cocktail Bars",4.5
"The Hudson Cafe","Cafes",4
"Batch Brewing Company","American (New)",4.5
"The Hudson Cafe","Breakfast & Brunch",4
"Batch Brewing Company","Brewpubs",4.5
"The Sugar House","Beer Bar",4.5
"Ottava Via","Pizza",4
"Ottava Via","Sandwiches",4
"Ottava Via","Italian",4
"Motown Historical Museum","Museums",4.5
"Vicente's Cuban Cuisine","Cuban",4
"Vicente's Cuban Cuisine","Dance Clubs",4
"Vicente's Cuban Cuisine","Seafood",4
"Motor City Brewing Works","Pizza",4
"The Sugar House","Wine Bars",4.5
"Motor City Brewing Works","Salad",4
"The Sugar House","Cocktail Bars",4.5
"Motor City Brewing Works","Brewpubs",4
"Royale with Cheese","Burgers",4
"Taqueria Mi Pueblo","Mexican",4
"Pie Sci","Pizza",4.5
"Bakersfield","Bars",4
"Johnny Noodle King","Ramen",4
"Bakersfield","Tacos",4
"Republic","American (New)",4
"Johnny Noodle King","Chinese",4
"Johnny Noodle King","Noodles",4
"Mercury Burger Bar","Burgers",4
"Mercury Burger Bar","Beer Bar",4
"SavannahBlue","American (New)",4
"SavannahBlue","Soul Food",4
"SavannahBlue","Cocktail Bars",4
"Avalon International Breads","Sandwiches",4.5
"Avalon International Breads","Bakeries",4.5
"Avalon International Breads","Coffee & Tea",4.5
"Honey Bee La Colmena","Mexican",4.5
"Buddy's Pizza","Salad",4.5
"Buddy's Pizza","Pizza",4.5
"Buddy's Pizza","Italian",4.5
"For the Love of Sugar","Patisserie/Cake Shop",4.5
"For the Love of Sugar","Coffee & Tea",4.5
"For the Love of Sugar","Macarons",4.5
"Honey Bee La Colmena","Grocery",4.5
"Bobcat Bonnie's","Gastropubs",4
"Bobcat Bonnie's","Breakfast & Brunch",4
"Bobcat Bonnie's","Cocktail Bars",4
"Urban Ramen","Ramen",4
"Urban Ramen","Poke",4
"Urban Ramen","Noodles",4
"Andiamo","Italian",4
"Andiamo","Wine Bars",4
"Andiamo","Cocktail Bars",4
"Joe Muer Seafood","Seafood",4
"Joe Muer Seafood","Sushi Bars",4
"Joe Muer Seafood","American (Traditional)",4
"Giovanni's Ristorante","Italian",4.5
"The Apparatus Room","American (New)",4
"The Apparatus Room","Cocktail Bars",4
"Sister Pie","Desserts",4.5
"Sister Pie","Coffee & Tea",4.5
"Sister Pie","Bakeries",4.5
"SheWolf Pastificio & Bar","Italian",4
"SheWolf Pastificio & Bar","Bars",4
"Pupusería y Restaurante Salvadoreño","Salvadoran",4.5
"Chili Mustard Onions","Vegan",4.5
"Roasting Plant Detroit","Coffee & Tea",4.5
"Roasting Plant Detroit","Cafes",4.5
"Roasting Plant Detroit","Coffee Roasteries",4.5
"Vertical Detroit","Wine Bars",4
"Vertical Detroit","Steakhouses",4
"Vertical Detroit","American (New)",4
"HopCat","Beer Bar",3.5
"HopCat","Burgers",3.5
"Cornerstone Barrel House","American (New)",4.5
"Cornerstone Barrel House","Whiskey Bars",4.5
"El Barzon","Italian",4
"El Barzon","Mexican",4
"Dutch Girl Donuts","Bakeries",4.5
"Dutch Girl Donuts","Donuts",4.5
"Brooklyn Street Local","Vegetarian",4
"La Feria","Tapas Bars",4
"Brooklyn Street Local","Diners",4
"La Feria","Spanish",4
"Brooklyn Street Local","Vegan",4
"Marrow","American (New)",4.5
"Marrow","Butcher",4.5
"Rock City Eatery","American (New)",4
"Rock City Eatery","Cocktail Bars",4
"Rock City Eatery","Tapas/Small Plates",4
"Jolly Pumpkin Pizzeria and Brewery- Detroit","Breweries",4
"Jolly Pumpkin Pizzeria and Brewery- Detroit","Pubs",4
"Jolly Pumpkin Pizzeria and Brewery- Detroit","American (Traditional)",4
"Parc","Breakfast & Brunch",4
"Honest John's Bar & Grill","Pubs",4
"Parc","American (New)",4
"Parc","Bars",4
"Campus Martius Park","Parks",4.5
"Honest John's Bar & Grill","Burgers",4
"Honest John's Bar & Grill","Breakfast & Brunch",4
"Astoria Pastry Shop","Bakeries",4
"Astoria Pastry Shop","Desserts",4
"El Asador","Mexican",4
"El Asador","Seafood",4
"Taqueria Lupita's","Mexican",4
"El Asador","Steakhouses",4
"Detroit Vegan Soul","Vegetarian",4
"Detroit Vegan Soul","Soul Food",4
"Great Lakes Coffee Roasting Company","Beer, Wine & Spirits",4
"Great Lakes Coffee Roasting Company","Coffee Roasteries",4
"Detroit Shipping Company","Food Court",4
"Detroit Shipping Company","Beer Gardens",4
"Detroit Vegan Soul","Vegan",4
"Rocco's Italian Deli","Italian",4.5
"Rocco's Italian Deli","Sandwiches",4.5
"Rocco's Italian Deli","Salad",4.5
"Seva Detroit","Vegetarian",3.5
"Seva Detroit","Vegan",3.5
"RiverWalk","Parks",4.5
"San Morello","Italian",4
"Texas de Brazil","Brazilian",3.5
"Texas de Brazil","Steakhouses",3.5
"Texas de Brazil","Venues & Event Spaces",3.5
"Belle Isle Park","Parks",4.5
"Cannelle Matt Knio","Coffee & Tea",4.5
"Cannelle Matt Knio","Bakeries",4.5
"Cannelle Matt Knio","Sandwiches",4.5
"Detroit 75 Kitchen","Food Trucks",4.5
"Detroit 75 Kitchen","American (Traditional)",4.5
"Detroit 75 Kitchen","Sandwiches",4.5
"Detroit Water Ice Factory","Ice Cream & Frozen Yogurt",4.5
"Detroit Water Ice Factory","Shaved Ice",4.5
"Detroit Water Ice Factory","Popcorn Shops",4.5
"The London Chop House","Steakhouses",4
"Cliff Bell's","Bars",3.5
"Cliff Bell's","Jazz & Blues",3.5
"The London Chop House","Cigar Bars",4
"The London Chop House","Cocktail Bars",4
"Cliff Bell's","American (New)",3.5
"Duly's Place","Diners",4.5
"Gus's World Famous Fried Chicken","Southern",4
"Gus's World Famous Fried Chicken","Comfort Food",4
"Gus's World Famous Fried Chicken","Chicken Shop",4
"Mootz Pizzeria + Bar","Pizza",4
"Mootz Pizzeria + Bar","Bars",4
"Narrow Way Cafe & Shop","Bakeries",5
"Narrow Way Cafe & Shop","Juice Bars & Smoothies",5
"The Skip","Cocktail Bars",4
"Narrow Way Cafe & Shop","Cafes",5
"The Skip","Beer Bar",4
"Lumen Detroit","American (New)",4
"Charles H Wright Museum of African American Histor","Museums",5
"Michigan & Trumbull","Pizza",4.5
"Michigan & Trumbull","Wine Bars",4.5
"Michigan & Trumbull","Cocktail Bars",4.5
"Jacoby's German Biergarten","German",4
"Jacoby's German Biergarten","Pubs",4
"Eastern Market Brewing Company","Breweries",4.5
"Eastern Market Brewing Company","Beer Bar",4.5
"Eastern Market Brewing Company","Pubs",4.5
"The Jamaican Pot","Soul Food",4
"Spread Detroit","Delis",4.5
"Spread Detroit","Coffee & Tea",4.5
"Detroit Historical Museum","Museums",4.5
"Prime and Proper","Steakhouses",4
"Flowers of Vietnam","Vietnamese",4
"The Jamaican Pot","Caribbean",4
"Spread Detroit","American (Traditional)",4.5
"The Peterboro","Chinese",4
"The Peterboro","Cocktail Bars",4
"Downtown Louie's","American (Traditional)",4
"Downtown Louie's","Lounges",4
"Downtown Louie's","Cocktail Bars",4
"Cafe D'Mongo's Speakeasy","Speakeasies",4
"The Bronx Bar","Dive Bars",4
"Yum Village","Caribbean",4.5
"Yum Village","African",4.5
"Yum Village","Personal Chefs",4.5
"Dessert Oasis Coffee Roasters - Detroit","Coffee Roasteries",4.5
"Dessert Oasis Coffee Roasters - Detroit","Music Venues",4.5
"La Dolce Vita","Italian",3.5
"La Dolce Vita","Breakfast & Brunch",3.5
"The Bronx Bar","Burgers",4
"Dessert Oasis Coffee Roasters - Detroit","Desserts",4.5
"Basement Burger Bar","American (Traditional)",4
"Basement Burger Bar","Burgers",4
"Basement Burger Bar","Salad",4
"Baobab Fare","Coffee & Tea",5
"Baobab Fare","African",5
"Baobab Fare","Juice Bars & Smoothies",5
"Babo Detroit","American (New)",4.5
"Babo Detroit","Breakfast & Brunch",4.5
"Pegasus Taverna - Greektown","Greek",3.5
"Rusted Crow Detroit","Cocktail Bars",3.5
"Rusted Crow Detroit","Burgers",3.5
"Rusted Crow Detroit","Sandwiches",3.5
"Boostan Cafe","American (Traditional)",5
"Boostan Cafe","Middle Eastern",5
"Boostan Cafe","Juice Bars & Smoothies",5
"Go! Sy Thai","Thai",3.5
"Polish Village Cafe","Polish",4
"Polish Village Cafe","Desserts",4
"Polish Village Cafe","Salad",4
"Anna Scripps Whitcomb Conservatory","Botanical Gardens",5
"Sweetwater Tavern","Bars",3.5
"Sweetwater Tavern","American (Traditional)",3.5
"Sweetwater Tavern","Chicken Wings",3.5
"The Whitney","Cocktail Bars",3.5
"The Whitney","American (New)",3.5
"The Whitney","Venues & Event Spaces",3.5
"The Royce","Wine Bars",4.5
"The Royce","Wine Tasting Classes",4.5
"The Royce","Venues & Event Spaces",4.5
"Stache International","Breakfast & Brunch",4
"Stache International","Dive Bars",4
"Stache International","Sandwiches",4
"Pho Lucky - Detroit","Vietnamese",4
"Willis Show Bar","Music Venues",4.5
"Willis Show Bar","Cocktail Bars",4.5
"Willis Show Bar","Dance Clubs",4.5
"Central Kitchen + Bar","American (Traditional)",3.5
"Central Kitchen + Bar","Gastropubs",3.5
"Central Kitchen + Bar","Cocktail Bars",3.5
"Castalia","Cocktail Bars",5
"Red Smoke Barbecue","Barbeque",3.5
"ASHE Coffee","Accessories",4.5
"ASHE Coffee","Coffee & Tea",4.5
"ASHE Coffee","Men's Clothing",4.5
"Bangkok 96 Street Food","Thai",4.5
"Bangkok 96 Street Food","Food Stands",4.5
"Townhouse","American (New)",3
"Townhouse","Bars",3
"Bangkok 96 Street Food","Asian Fusion",4.5
"Bad Luck Bar","Cocktail Bars",4
"Guardian Building","Landmarks & Historical Buildings",5
"Guardian Building","Venues & Event Spaces",5
"Kuzzos Chicken & Waffles","Southern",3.5
"Kuzzos Chicken & Waffles","Waffles",3.5
"Kuzzos Chicken & Waffles","Breakfast & Brunch",3.5
"PAO Detroit","Asian Fusion",4
"PAO Detroit","Pan Asian",4
"Firebird Tavern","American (New)",4
"Firebird Tavern","Sports Bars",4
"Firebird Tavern","Venues & Event Spaces",4
"La Palma","Middle Eastern",4
"La Palma","Mediterranean",4
"Tommy's Detroit Bar & Grill","American (Traditional)",4.5
"Tommy's Detroit Bar & Grill","Bars",4.5
"Los Galanes","Mexican",3.5
"Midtown Shangri-La","Dim Sum",3.5
"Midtown Shangri-La","Sushi Bars",3.5
"Shake Shack","Burgers",3.5
"Shake Shack","Diners",3.5
"Hygrade Deli","Delis",4
"Detroit Beer Company","Breweries",3.5
"Detroit Beer Company","American (New)",3.5
"Ford Piquette Avenue Plant","Museums",4.5
"Ford Piquette Avenue Plant","Community Service/Non-Profit",4.5
"Socra Tea Detroit","Tea Rooms",4.5
"Socra Tea Detroit","Juice Bars & Smoothies",4.5
"Socra Tea Detroit","Sandwiches",4.5
"El Taco Veloz","Mexican",4.5
"Avalon Cafe and Bakery","Bakeries",4
"Avalon Cafe and Bakery","Breakfast & Brunch",4
"Avalon Cafe and Bakery","Cafes",4
"The Block","American (Traditional)",4
"Germack Coffee Roasting Co","Coffee & Tea",4.5
"Germack Coffee Roasting Co","Coffee Roasteries",4.5
"El Rey de Las Arepas","Venezuelan",4.5
"ima","Ramen",4.5
"ima","Noodles",4.5
"ima","Soup",4.5
"Frita Batidos","Burgers",4.5
"Frita Batidos","Cuban",4.5
"Abick's Bar","Pubs",4.5
"Abick's Bar","Dive Bars",4.5
"Jose's Tacos","Tacos",4
"Harmony Garden Cafe","Middle Eastern",4
"Harmony Garden Cafe","Vegetarian",4
"Harmony Garden Cafe","Burgers",4
"Bakers Keyboard Lounge","Jazz & Blues",4
"Bakers Keyboard Lounge","Soul Food",4
"Bakers Keyboard Lounge","Bars",4
"Cass Cafe","Vegetarian",3.5
"Cass Cafe","Sandwiches",3.5
"Cass Cafe","Bars",3.5
"Olin Bar & Kitchen","American (New)",4.5
"Olin Bar & Kitchen","Tapas/Small Plates",4.5
"Taystee's Burgers","Burgers",4.5
"Taystee's Burgers","Fast Food",4.5
"PizzaPlex","Pizza",4.5
"PizzaPlex","Cocktail Bars",4.5
"PizzaPlex","Wine Bars",4.5
"Red Dunn Kitchen","American (New)",4
"Red Dunn Kitchen","Bars",4
"Red Dunn Kitchen","Breakfast & Brunch",4
"American Coney Island","Diners",3.5
"American Coney Island","Hot Dogs",3.5
"Cork & Gabel","Comfort Food",4
"Tou & Mai","Bubble Tea",4
"Tou & Mai","Ice Cream & Frozen Yogurt",4
"Rose's Fine Food","American (New)",3.5
"Rose's Fine Food","Breakfast & Brunch",3.5
"The Red Hook","Vegetarian",4.5
"Rose's Fine Food","Barbeque",3.5
"The Red Hook","American (New)",4.5
"Telway Hamburgers","Sandwiches",4
"Telway Hamburgers","Burgers",4
"Saffron De Twah","Moroccan",4.5
"La Lanterna","Pizza",4
"La Lanterna","Wine Bars",4
"La Lanterna","Italian",4
"Wahlburgers","Burgers",3
"Wahlburgers","American (Traditional)",3
"PJ's Lager House","Music Venues",4
"Evie's Tamales","Mexican",4
"PJ's Lager House","Pubs",4
"Mike's Famous Ham Place","Sandwiches",4.5
"La Gloria Bakery","Bakeries",4
"Mike's Famous Ham Place","Delis",4.5
"The Red Hook","Coffee & Tea",4.5
"Original Gonella's","Delis",4.5
"Original Gonella's","Sandwiches",4.5
"Original Gonella's","Specialty Food",4.5
"Woodbridge Pub","Pubs",3.5
"MOTZ’S Burgers","Burgers",4.5
"Woodbridge Pub","Vegan",3.5
"Motor City Wine","Wine Bars",4
"Woodbridge Pub","Vegetarian",3.5
"Fishbone's","Seafood",3
"Fishbone's","Sushi Bars",3
"Fishbone's","Steakhouses",3
"E & L Supermercado","Meat Shops",4.5
"E & L Supermercado","Grocery",4.5
"E & L Supermercado","Mexican",4.5
"La Noria Bistro","Mexican",4.5
"Good Cakes and Bakes","Bakeries",4.5
"Good Cakes and Bakes","Cupcakes",4.5
"La Noria Bistro","Italian",4.5
"Good Cakes and Bakes","Vegan",4.5
"Capers","Steakhouses",4
"Union Street","American (Traditional)",3.5
"City Wings","Chicken Wings",4
"Besa","American (New)",4
"The Old Miami","Dive Bars",4
"The Old Miami","Music Venues",4
"Al-Ameer","Middle Eastern",4
"Besa","Seafood",4
"Besa","Salad",4
"8 Degrees Plato","Beer Bar",4.5
"8 Degrees Plato","Beer, Wine & Spirits",4.5
"Bucharest Grill","Mediterranean",3.5
"Bucharest Grill","American (Traditional)",3.5
"Shatila Bakery","Desserts",4
"Shatila Bakery","Custom Cakes",4
"McShane's Irish Pub- Downtown Detroit","American (Traditional)",4
"McShane's Irish Pub- Downtown Detroit","Irish Pub",4
"McShane's Irish Pub- Downtown Detroit","Whiskey Bars",4
"Shatila Bakery","Bakeries",4
"Qahwah House","Coffee & Tea",5
"Qahwah House","Desserts",5
"La Michoacana","Ice Cream & Frozen Yogurt",4.5
"Oak & Reel","Italian",4.5
"Oak & Reel","Seafood",4.5
"Candy Bar","Cocktail Bars",4
"Madcap Coffee","Coffee Roasteries",4.5
"Folk","Breakfast & Brunch",4
"Madcap Coffee","Coffee & Tea",4.5
"Z's Villa","American (Traditional)",4
"Z's Villa","Bars",4
"Folk","Cafes",4
"Folk","Wine Bars",4
"Kresge Court at Detroit Institute of Arts","American (New)",4.5
"Fisher Building","Landmarks & Historical Buildings",4.5
"Trinosophes","Coffee & Tea",4
"Trinosophes","Cafes",4
"Vivio's Food & Spirits","Sports Bars",3.5
"Momo Cha","Himalayan/Nepalese",4.5
"Vivio's Food & Spirits","American (Traditional)",3.5
"Xochimilco Restaurant","Mexican",3
"The Congregation Detroit","Coffee & Tea",4.5
"The Congregation Detroit","Cafes",4.5
"Senor Lopez Mexican Restaurant","Mexican",4
"The Congregation Detroit","Cocktail Bars",4.5
"Slows To Go","Barbeque",3.5
"Slows To Go","Caterers",3.5
"Slows To Go","Food Trucks",3.5
"Beyond Juicery + Eatery","Juice Bars & Smoothies",4
"Beyond Juicery + Eatery","Salad",4
"One-Eyed Betty's Beer Bar & Kitchen","Bars",4
"Beyond Juicery + Eatery","Sandwiches",4
"One-Eyed Betty's Beer Bar & Kitchen","American (Traditional)",4
"Treat Dreams","Desserts",4
"Treat Dreams","Ice Cream & Frozen Yogurt",4
"Golden Fleece Restaurant","Greek",3.5
"Golden Fleece Restaurant","Mediterranean",3.5
"Golden Fleece Restaurant","Seafood",3.5
"-320 Coffee & Creamery","Coffee & Tea",4.5
"-320 Coffee & Creamery","Desserts",4.5
"-320 Coffee & Creamery","Ice Cream & Frozen Yogurt",4.5
"The Rattlesnake Club","Venues & Event Spaces",3.5
"The Rattlesnake Club","Seafood",3.5
"The Rattlesnake Club","Steakhouses",3.5
"Milano Bakery","Bakeries",4
"Milano Bakery","Cafes",4
"Milano Bakery","Soup",4
"Faygo Beverages","Local Flavor",4.5
"Sheila's Bakery","Pizza",4.5
"Sheila's Bakery","Bakeries",4.5
"Checker Bar","Bars",4
"Checker Bar","American (Traditional)",4
"Checker Bar","Burgers",4
"Mexicantown Bakery","Bakeries",4
"Ham Shop Cafe","Diners",4
"Mexicantown Bakery","Cupcakes",4
"Ham Shop Cafe","Mediterranean",4
"Bash Original Izakaya","Sushi Bars",4.5
"Bash Original Izakaya","Izakaya",4.5
"The Potato Place","American (Traditional)",4
"The Potato Place","Ice Cream & Frozen Yogurt",4
"Second Best Detroit","Bars",4
"Second Best Detroit","American (Traditional)",4
"Los Altos Restaurant","Mexican",4
"Ernie's Market","Sandwiches",4.5
"Ernie's Market","Delis",4.5
"Ernie's Market","Grocery",4.5
"Pewabic","Art Galleries",4.5
"Pewabic","Art Classes",4.5
"Pewabic","Museums",4.5
"Blimpie","Sandwiches",4.5
"Northern Lights Lounge","Lounges",3.5
"Caucus Club","Steakhouses",4
"Caucus Club","Salad",4
"Caucus Club","Cocktail Bars",4
"Traffic Jam & Snug","American (Traditional)",3
"Traffic Jam & Snug","Beer Bar",3
"Zeff's Coney Island Restaurant","Diners",4
"Zeff's Coney Island Restaurant","Hot Dogs",4
"Zeff's Coney Island Restaurant","American (New)",4
"Two Way Inn","Dive Bars",4.5
"Brass Rail Pizza Bar","Pizza",4
"Brass Rail Pizza Bar","Beer Bar",4
"Brass Rail Pizza Bar","Sandwiches",4
"The Dakota Inn Rathskeller","German",4
"Bai Mai Thai","Thai",3.5
"Sala Thai","Thai",3.5
"Smith & Co","American (New)",4
"Calexico - Detroit","Mexican",3
"Poke Poke - Sushi Unrolled","Poke",4.5
"Poke Poke - Sushi Unrolled","Sushi Bars",4.5
"Park Bar","Dive Bars",4
"Park Bar","Cocktail Bars",4
"Wasabi Korean and Japanese Cuisine","Korean",3
"Wasabi Korean and Japanese Cuisine","Japanese",3
"Albena","American (Traditional)",4.5
"Wasabi Korean and Japanese Cuisine","Sushi Bars",3
"Grandma Bob's","Cocktail Bars",4.5
"Grandma Bob's","Pizza",4.5
"Belle Isle Pizza","Pizza",4.5
"Niki's Pizza","Pizza",3.5
"Niki's Pizza","Greek",3.5
"Urban Bean Co","Juice Bars & Smoothies",4
"Urban Bean Co","Coffee & Tea",4
"Urban Bean Co","Internet Cafes",4
"Hot Taco","Mexican",3
"Noodle Art","Ramen",4
"Noodle Art","Noodles",4
"Louie's Ham And Corned Beef","Breakfast & Brunch",4
"Louie's Ham And Corned Beef","Salad",4
"Louie's Ham And Corned Beef","Sandwiches",4
"The Fly Trap","Diners",4
"The Fly Trap","Breakfast & Brunch",4
"Michigan Science Center","Museums",4
"Highlands","American (New)",4
"Highlands","Bars",4
"Highlands","Steakhouses",4
"Imperial","Bars",4
"Imperial","Tacos",4
"Kiesling","Cocktail Bars",4.5
"Kiesling","Venues & Event Spaces",4.5
"Condado Tacos - Midtown","Bars",4
"Condado Tacos - Midtown","Tacos",4
"Hero Or Villain Van","Food Trucks",4.5
"Hero Or Villain Van","Sandwiches",4.5
"Hero Or Villain Van","Caterers",4.5
"Brew Detroit","Breweries",4
"Brew Detroit","Beer Bar",4
"Polonia Restaurant","Polish",4
"Polonia Restaurant","Venues & Event Spaces",4
"Sheeba Express","Juice Bars & Smoothies",4.5
"Sheeba Express","Sandwiches",4.5
"Fourteen East","Cafes",4
"Sheeba Express","Mediterranean",4.5
"Fourteen East","Art Galleries",4
"Fourteen East","Coffee & Tea",4
"Tamaleria Nuevo Leon","Mexican",4
"Dequindre Cut Greenway","Parks",4.5
"Pollo Chapin","Mexican",4
"Pollo Chapin","Latin American",4
"Andrews On the Corner","American (New)",4
"Andrews On the Corner","Soup",4
"Andrews On the Corner","Salad",4
"El Catracho","Honduran",4.5
"Temple Bar","Dive Bars",4.5
"Cold Truth","Ice Cream & Frozen Yogurt",4.5
"Mutiny Tiki Bar","Tiki Bars",4
"Cutter's Bar & Grill","Sports Bars",4
"Cutter's Bar & Grill","American (Traditional)",4
"Detroiter Bar","American (Traditional)",4
"Prism","Seafood",4
"Prism","Steakhouses",4
"Ivanhoe Cafe - Polish Yacht Club","American (Traditional)",4.5
"Le Culture Cafe","Seafood",3.5
"Ivanhoe Cafe - Polish Yacht Club","Polish",4.5
"Ivanhoe Cafe - Polish Yacht Club","Seafood",4.5
"Detroiter Bar","Sports Bars",4
"Le Petit Dejeuner","Breakfast & Brunch",3.5
"Bon Bon Bon","Desserts",5
"Bon Bon Bon","Chocolatiers & Shops",5
"Harry's Detroit Bar & Grill","Sports Bars",3.5
"Hamido","Lebanese",4
"Ochre Bakery","Bakeries",4
"Harry's Detroit Bar & Grill","American (Traditional)",3.5
"Ochre Bakery","Coffee & Tea",4
"Ochre Bakery","Sandwiches",4
"La Pecora Nera","Coffee & Tea",4
"La Pecora Nera","Breakfast & Brunch",4
"La Pecora Nera","Gelato",4
"7 Greens Detroit Salad","Salad",3.5
"Common Pub","Pubs",4
"Common Pub","Poutineries",4
"Sheeba Restaurant","Middle Eastern",4
"Sheeba Restaurant","Halal",4
"Amar Pizza","Burgers",4.5
"Amar Pizza","Bangladeshi",4.5
"The Monarch Club","Cocktail Bars",3.5
"The Monarch Club","Tapas/Small Plates",3.5
"Sicily's Pizzeria & Subs","Salad",4
"Sicily's Pizzeria & Subs","Pizza",4
"Amar Pizza","Pizza",4.5
"Sicily's Pizzeria & Subs","Chicken Wings",4
"Los Dos Amigos","Food Stands",5
"Los Dos Amigos","Mexican",5
"Mink","Seafood",4.5
"Mink","Wine Bars",4.5
"Cuisine","French",3.5
"Anchor Bar","Pubs",3.5
"La Casa","Cigar Bars",4
"Iggy’s Eggies","Breakfast & Brunch",4
"24grille","Bars",3
"La Casa","Lounges",4
"Yelp Perk: Complimentary Dessert from Baobab Fare","Yelp Events",4.5
"La Casa","American (New)",4
"24grille","American (Traditional)",3
"The Greek","Greek",4
"Colors","American (New)",4
"Colors","Burgers",4
"Colors","Sandwiches",4
"The Greek","Mediterranean",4
"Zo's Good Burger - Dearborn","Fast Food",4.5
"Zo's Good Burger - Dearborn","Burgers",4.5
"Zo's Good Burger - Dearborn","Halal",4.5
"Leila","Lebanese",3.5
"Armando's","Mexican",3
"Dossin Great Lakes Museum","Museums",4.5
"AWAKE Cafe Detroit","Coffee & Tea",5
"Marche du Nain Rouge","Local Flavor",5
"AWAKE Cafe Detroit","Sandwiches",5
"Las Cazuelas","Mexican",4.5
"Loui's Pizza","Pizza",4.5
"Loui's Pizza","Italian",4.5
"AWAKE Cafe Detroit","Breakfast & Brunch",5
"Loui's Pizza","Sandwiches",4.5
"On the Rise Bakery","Bakeries",5
"Mexican Village Restaurant","Mexican",3
"Mexican Village Restaurant","Venues & Event Spaces",3
"Mexican Village Restaurant","Bars",3
"Fowling Warehouse - Hamtramck","Sports Bars",4
"Fowling Warehouse - Hamtramck","Arts & Entertainment",4
"Fowling Warehouse - Hamtramck","Venues & Event Spaces",4
"Srodek's Campau Quality Sausage","Polish",4.5
"Orchid Thai Restaurant","Thai",3.5
"Nancy Whiskey","Pubs",4
"Nancy Whiskey","Irish",4
"La Salsa Mexican Cuisine","Breakfast & Brunch",4.5
"Zo's Good Burger","Burgers",4
"La Salsa Mexican Cuisine","Mexican",4.5
"Dan & Vi's Pizza","Pizza",4.5
"Karl's","American (Traditional)",4
"Karl's","Bars",4
"Karl's","Venues & Event Spaces",4
"Spago Trattoria E Pizzeria","Italian",4.5
"Holy Moly Donut Shop","Donuts",4
"Spago Trattoria E Pizzeria","Pizza",4.5
"Lucky Detroit Coffee & Espresso","Coffee & Tea",5
"Holy Moly Donut Shop","Desserts",4
"Savant","French",4
"Savant","Cocktail Bars",4
"Theatre Bizarre","Local Flavor",4.5
"Nemo's Bar","Sports Bars",3.5
"Savant","Lounges",4
"Nemo's Bar","American (Traditional)",3.5
"Mike's Pizza Bar","Pizza",4
"UFO Factory","Music Venues",4
"Mike's Pizza Bar","Sports Bars",4
"UFO Factory","Bars",4
"UFO Factory","American (Traditional)",4
"Belle Isle Aquarium","Aquariums",4
"Mario's Restaurant","Italian",3
"They Say Restaurant","American (New)",3.5
"They Say Restaurant","Chicken Wings",3.5
"Bucharest Grill","Mediterranean",4
"Sgt. Pepperoni's","Pizza",3.5
"Detroit Masala","Indian",4
"Bucharest Grill","Middle Eastern",4
"They Say Restaurant","Bars",3.5
"Cedarland Restaurant","Middle Eastern",4
"Roman Village Cucina Italiana","Italian",4
"Roman Village Cucina Italiana","Pizza",4
"Cadillac Square Diner","Breakfast & Brunch",4
"Roman Village Cucina Italiana","Wine Bars",4
"Cadillac Square Diner","Diners",4
"Floods Bar & Grille","American (Traditional)",3.5
"Floods Bar & Grille","Soul Food",3.5
"Yemen Cafe","Halal",4
"Huddle Soft Serve","Ice Cream & Frozen Yogurt",4.5
"Floods Bar & Grille","Bars",3.5
"POP + Offworld","Pizza",4
"POP + Offworld","Bars",4
"POP + Offworld","Arcades",4
"Eat-N-Out Pizza & Gelato","Pizza",4
"Yemen Cafe","Middle Eastern",4
"Eat-N-Out Pizza & Gelato","Gelato",4
"Beacon Park","Parks",4.5
"Eat-N-Out Pizza & Gelato","Salad",4
"Beacon Park","Venues & Event Spaces",4.5
"Chef Greg's Soul -N- The Wall","American (New)",4.5
"The Detroit Club","Social Clubs",4
"The Detroit Club","American (New)",4
"The Detroit Club","Hotels",4
"El Taquito","Mexican",4.5
"El Taquito","Food Stands",4.5
"Asty Time Dominican Restaurant","Dominican",4.5
"Raven Lounge & Restaurant","American (Traditional)",4.5
"Raven Lounge & Restaurant","Social Clubs",4.5
"Raven Lounge & Restaurant","Jazz & Blues",4.5
"Hammer & Nail","Sandwiches",4.5
"Pop's For Italian","Italian",4
"Pop's For Italian","Pizza",4
"Hammer & Nail","Cocktail Bars",4.5
"Pop's For Italian","Wine Bars",4
"Anita's Kitchen","Lebanese",4
"Detroit Mini Donut","Caterers",4.5
"Detroit Mini Donut","Donuts",4.5
"Detroit Mini Donut","Street Vendors",4.5
"Taqueria Nuestra Familia","Mexican",3.5
"Bert's Marketplace","Barbeque",3
"Bert's Marketplace","Soul Food",3
"Bert's Marketplace","Venues & Event Spaces",3
"The Commons","Laundromat",5
"Loncheria El Parian","Food Trucks",5
"Loncheria El Parian","Mexican",5
"The Commons","Coffee & Tea",5
"Al Chabab Restaurant","Middle Eastern",4.5
"Detroit Soul","Soul Food",4
"Al Chabab Restaurant","Syrian",4.5
"MOCAD - Museum of Contemporary Art Detroit","Art Museums",4
"Treat You Batter","Desserts",5
"Cafe 1923","Coffee & Tea",4
"Hart Plaza","Landmarks & Historical Buildings",4
"Hart Plaza","Music Venues",4
"Balkan House","Modern European",4
"Balkan House","Mediterranean",4
"Balkan House","Creperies",4
"Bangkok Crossing","Thai",3.5
"Lovers Only","Burgers",3.5
"Lovers Only","Sandwiches",3.5
"Lovers Only","Bars",3.5
"Fusion Flare Kitchen & Cocktails","Soul Food",4.5
"Fusion Flare Kitchen & Cocktails","Cocktail Bars",4.5
"Toast","Breakfast & Brunch",4
"Toast","Burgers",4
"Toast","American (Traditional)",4
"The Old Shillelagh","Burgers",3
"The Old Shillelagh","Cocktail Bars",3
"Mangonadas Del Barrio","Ice Cream & Frozen Yogurt",4
"The Old Shillelagh","Vegan",3
"Mangonadas Del Barrio","Sushi Bars",4
"Mangonadas Del Barrio","Juice Bars & Smoothies",4
"Krakus Restaurant","Polish",4
"Krakus Restaurant","Bars",4
"Treat Dreams Dessert Emporium","Ice Cream & Frozen Yogurt",4.5
"Treat Dreams Dessert Emporium","Desserts",4.5
"California Burgerz","Burgers",4
"Griot Music lounge","Lounges",5
"Amore da Roma","Italian",3.5
"Amore da Roma","Cocktail Bars",3.5
"Thomas Magee's Sporting House Whiskey Bar","Sports Bars",4
"Thomas Magee's Sporting House Whiskey Bar","Pubs",4
"Thomas Magee's Sporting House Whiskey Bar","Irish Pub",4
"El Nacimiento","Mexican",3.5
"The Squirrel Cage","Breakfast & Brunch",4.5
"The Squirrel Cage","Sandwiches",4.5
"The Squirrel Cage","Soup",4.5
"New Yasmeen Bakery","Bakeries",4
"New Yasmeen Bakery","Middle Eastern",4
"New Yasmeen Bakery","Delis",4
"Fat Salmon Sushi","Sushi Bars",4
"Fat Salmon Sushi","Japanese",4
"Alcamo's Market","Specialty Food",4.5
"Alcamo's Market","Delis",4.5
"Alcamo's Market","Grocery",4.5
"Go! Sy Thai","Thai",3.5
"Bucharest Grill","American (Traditional)",3
"Bucharest Grill","Desserts",3
"Bucharest Grill","Middle Eastern",3
"Jamaica Jamaica Restaurant & Bakery","Bakeries",4
"Jamaica Jamaica Restaurant & Bakery","Caribbean",4
"Lunchtime Global","Sandwiches",4
"Lunchtime Global","Soup",4
"M Cantina","Mexican",4
"M Cantina","Juice Bars & Smoothies",4
"M Cantina","Latin American",4
"Delite Cafe & Deli","Delis",4.5
"Delite Cafe & Deli","Juice Bars & Smoothies",4.5
"Delite Cafe & Deli","Cafes",4.5
"Gathering Coffee Co.","Coffee & Tea",5
"Tai Fai Restaurant","Sushi Bars",4
"Tai Fai Restaurant","Asian Fusion",4
"Tai Fai Restaurant","Caterers",4
"Marble Bar","Bars",4
"Marble Bar","Music Venues",4
"Sullaf Restaurant","Delis",4.5
"Sullaf Restaurant","Middle Eastern",4.5
"Harbor House","Seafood",3
"Harbor House","Steakhouses",3
"The Oakland","Cocktail Bars",4.5
"The Ghost Bar","American (New)",4
"The Ghost Bar","Cocktail Bars",4
"Otus Supply","Bars",4
"Otus Supply","American (Traditional)",4
"Bumbo's","Beer Bar",5
"Harbor House","American (Traditional)",3
"Bumbo's","Cocktail Bars",5
"Evening Bar","Bars",4
"Whiskey in the Jar","Dive Bars",4.5
"Frenchy's Poutinery","Poutineries",4.5
"Frenchy's Poutinery","Fast Food",4.5
"Vicki's Bar-B-Q","Barbeque",4
"Chazzano Coffee","Coffee & Tea",4.5
"Masri Sweets","Bakeries",4
"Kitty's Cheesecakes & More","Desserts",4.5
"Kitty's Cheesecakes & More","Bakeries",4.5
"La Palapa Del Parian","Mexican",4.5
"La Palapa Del Parian","Desserts",4.5
"La Palapa Del Parian","Breakfast & Brunch",4.5
"Lou's Deli","Delis",4
"Warda Patisserie","Bakeries",4.5
"Mr. Kabob Xpress","Mediterranean",3.5
"Mr. Kabob Xpress","Middle Eastern",3.5
"Mr. Kabob Xpress","Juice Bars & Smoothies",3.5
"Greenroom Salads","Sandwiches",4
"Greenroom Salads","Vegetarian",4
"Greenroom Salads","Salad",4
"New Palace Bakery","Bakeries",4
"New Palace Bakery","Desserts",4
"The Kitchen by Cooking with Que","Vegan",5
"Tuhama's","American (New)",4
"Tuhama's","Middle Eastern",4
"Tuhama's","Sandwiches",4
"Mi Pueblo Express","Mexican",5
"Mac Shack","American (New)",4
"Mac Shack","Food Trucks",4
"AKtakeaway","Lebanese",4
"AKtakeaway","Breakfast & Brunch",4
"Noel Night","Local Flavor",4.5
"Drought","Juice Bars & Smoothies",4.5
"Drought","Live/Raw Food",4.5
"Camino Real Mexican Grill","Mexican",4
"Delux Lounge","Lounges",3.5
"Mocha Bistro","Sandwiches",4.5
"Delux Lounge","Dance Clubs",3.5
"Mocha Bistro","Juice Bars & Smoothies",4.5
"Mocha Bistro","Burgers",4.5
"Beignets 2 Go","Desserts",4.5
"Beignets 2 Go","Food Trucks",4.5
"Louisiana Creole Gumbo","Cajun/Creole",3.5
"Louisiana Creole Gumbo","Southern",3.5
"Louisiana Creole Gumbo","Seafood",3.5
"Frank's Deli & Grill","American (Traditional)",4
"Frank's Deli & Grill","Delis",4
"Frank's Deli & Grill","Breakfast & Brunch",4
"La Jalisciense Supermercado Y Taqueria","Grocery",4.5
"Detroit Shawarma","Mediterranean",4
"La Jalisciense Supermercado Y Taqueria","Mexican",4.5
"Detroit Shawarma","Sandwiches",4
"Detroit Shawarma","Middle Eastern",4
"Bunny Bunny","Chinese",4
"Bookies Bar & Grille","Sports Bars",3
"Penny Red's","Chicken Shop",3.5
"Bookies Bar & Grille","American (Traditional)",3
"Arabian Village Restaurant","Middle Eastern",4.5
"Arabian Village Restaurant","Arabian",4.5
"Rincon Tropical","Puerto Rican",3.5
"Spirit of Detroit","Landmarks & Historical Buildings",4.5
"Maru Sushi & Grill Detroit","Sushi Bars",4
"Maru Sushi & Grill Detroit","Seafood",4
"Maru Sushi & Grill Detroit","Desserts",4
"Christine's Cuisine","Mexican",4
"Red Hots Coney Island","Breakfast & Brunch",4.5
"Shredderz Food Truck","Food Trucks",4.5
"Shredderz Food Truck","Sandwiches",4.5
"Christine's Cuisine","Ukrainian",4
"Christine's Cuisine","Italian",4
"Shredderz Food Truck","Breakfast & Brunch",4.5
"TAP Sports Bar","Pubs",2.5
"TAP Sports Bar","Sports Bars",2.5
"El Taco Veloz","Mexican",4
"Tacos El Caballo","Food Trucks",4.5
"Tacos El Caballo","Tacos",4.5
"PizzaPapalis of Greektown","Pizza",4
"PizzaPapalis of Greektown","Italian",4
"TAP Sports Bar","American (New)",2.5
"The Elephant Room","American (Traditional)",4
"The Elephant Room","Cocktail Bars",4
"Buddy's Pizza - Downtown","Pizza",4.5
"Buddy's Pizza - Downtown","Salad",4.5
"Buddy's Pizza - Downtown","Italian",4.5
"Motor City Kitchen","Sports Bars",3.5
"Motor City Kitchen","American (New)",3.5
"Family Treat","Ice Cream & Frozen Yogurt",4.5
"Family Treat","American (New)",4.5
"Cafe March 21","Desserts",5
"Cafe March 21","Ramen",5
"Cafe March 21","Coffee & Tea",5
"Remas","Middle Eastern",4.5
"Remas","Mediterranean",4.5
"Pollos Los Gallos","Mexican",4.5
"Garden Bowl","Bowling",3.5
"Garden Bowl","Bars",3.5
"Garden Bowl","Venues & Event Spaces",3.5
"Detroit Sip","Coffee & Tea",5
"Caribbean Citchen","Caribbean",3.5
"Hashems Nuts & Coffee Gallery","Coffee & Tea",4.5
"Hashems Nuts & Coffee Gallery","Herbs & Spices",4.5
"Hashems Nuts & Coffee Gallery","Olive Oil",4.5
"Pho Nguyen Hoang","Vietnamese",4.5
"Eleos Coffee House","Coffee & Tea",5
"Germack Pistachio","Coffee Roasteries",4.5
"Germack Pistachio","Chocolatiers & Shops",4.5
"Germack Pistachio","Convenience Stores",4.5
"EastEats","Vegan",4
"EastEats","Tapas/Small Plates",4
"Craft Heads Brewing Company","Breweries",4.5
"Craft Heads Brewing Company","Coffee & Tea",4.5
"EastEats","Asian Fusion",4
"Craft Heads Brewing Company","Pizza",4.5
"Bucharest Grill","American (Traditional)",3
"The Fish Market","Seafood",4.5
"The Fish Market","Seafood Markets",4.5
"Volt","American (New)",3
"Bucharest Grill","Middle Eastern",3
"Volt","Lounges",3
"Greenwich Time Pub","Bars",4
"Buhl Bar","Bars",4
"La Fogata Mexican Grill","Mexican",4.5
"La Fogata Mexican Grill","Burgers",4.5
"La Fogata Mexican Grill","Sandwiches",4.5
"Pappy's Bar & Grill","Sports Bars",3
"Pappy's Bar & Grill","American (Traditional)",3
"Bagley Central","Cocktail Bars",4.5
"Ricky's Sub Shop","Sandwiches",4
"Ricky's Sub Shop","Cheesesteaks",4
"Food Exchange","Fast Food",4
"Food Exchange","Burgers",4
"The Well","Bars",4
"Sindbads Restaurant & Marina","Seafood",3
"Sindbads Restaurant & Marina","American (Traditional)",3
"Sindbads Restaurant & Marina","Steakhouses",3
"Motor City Soul Food","Soul Food",3
"Jumbo's Bar","Bars",4
"Love's Custard Pie","Desserts",5
"Xushi Ko","Japanese",3.5
"Xushi Ko","Sushi Bars",3.5
"Oloman Cafe","Cafes",4.5
"Oloman Cafe","Art Galleries",4.5
"Oloman Cafe","Venues & Event Spaces",4.5
"The Turkey Grill","Seafood",3
"The Turkey Grill","Sandwiches",3
"The Turkey Grill","Soul Food",3
"Bishr Poultry & Food Center","Grocery",4.5
"Bishr Poultry & Food Center","Halal",4.5
"Bishr Poultry & Food Center","Meat Shops",4.5
"The Cook's Shop","Italian",4.5
"Belle Isle Boat House","Venues & Event Spaces",4.5
"Belle Isle Boat House","Landmarks & Historical Buildings",4.5
"Hockeytown Cafe","Sports Bars",2.5
"Hockeytown Cafe","Burgers",2.5
"The Red Hook","Coffee & Tea",4.5
"The Red Hook","Breakfast & Brunch",4.5
"The Red Hook","Bakeries",4.5
"La Terraza","Seafood",3.5
"La Terraza","Mexican",3.5
"Hockeytown Cafe","Pizza",2.5
"La Terraza","Bars",3.5
"B. Nektar Meadery","Breweries",4.5
"B. Nektar Meadery","Meaderies",4.5
"El Zocalo","Mexican",3
"B. Nektar Meadery","Lounges",4.5
"Voyager","American (New)",4
"Voyager","Seafood",4
"Third Street Bar","Sports Bars",3
"Café 78","American (Traditional)",4.5
"Loco's Tex-Mex Grille","Tex-Mex",2.5
"Café 78","Cocktail Bars",4.5
"Queens Bar","Bars",3.5
"Chicago's Pizza","Pizza",4
"Small's Bar","Music Venues",4.5
"Lafayette Greens","Parks",5
"Small's Bar","Bars",4.5
"The Fountain Detroit","Bars",3
"The Fountain Detroit","American (Traditional)",3
"Gaelic League Irish American Club","Pubs",4.5
"Bangkok Cafe","Thai",4
"Connie & Barbara's Soul Food Restaurant","Soul Food",3.5
"Victory Liquor & Food Store","Beer, Wine & Spirits",4
"Victory Liquor & Food Store","Soul Food",4
"Victory Liquor & Food Store","Chicken Wings",4
"Nunn's Barbeque","Barbeque",3.5
"Nunn's Barbeque","Desserts",3.5
"Nunn's Barbeque","Caterers",3.5
"Bobcat Bonnie's Ferndale","Gastropubs",4
"Asian Corned Beef","Delis",3.5
"Asian Corned Beef","Desserts",3.5
"Asian Corned Beef","Sandwiches",3.5
"The Carvery","Salad",4.5
"The Carvery","Soup",4.5
"The Carvery","Sandwiches",4.5
"Aladdin Sweets & Cafe","Halal",3.5
"Aladdin Sweets & Cafe","Indian",3.5
"Aladdin Sweets & Cafe","Bangladeshi",3.5
"Majestic Theatre","Bars",3.5
"Majestic Theatre","Music Venues",3.5
"Majestic Theatre","Caterers",3.5
"Rush Bowls","Acai Bowls",4.5
"Rush Bowls","Juice Bars & Smoothies",4.5
"Rush Bowls","Breakfast & Brunch",4.5
"Now Cafe","Mediterranean",4.5
"Now Cafe","American (Traditional)",4.5
"Stockyard","Food Trucks",4.5
"Stockyard","Sandwiches",4.5
"Go Comedy! Improv Theater","Bars",4.5
"Go Comedy! Improv Theater","Comedy Clubs",4.5
"Go Comedy! Improv Theater","Performing Arts",4.5
"Dos Locos Tacos","Tacos",4
"Deluxx Fluxx","Bars",3.5
"Deluxx Fluxx","Music Venues",3.5
"Culantro","Latin American",4
"Culantro","Chicken Shop",4
"Stella Good Coffee","Coffee & Tea",3.5
"Culantro","Peruvian",4
"Impasto - Italian Inspired Wraps","Italian",5
"Impasto - Italian Inspired Wraps","Food Trucks",5
"Impasto - Italian Inspired Wraps","Wraps",5
"Starter's Bar and Grill","Sports Bars",3
"Starter's Bar and Grill","American (Traditional)",3
"Starbucks","Coffee & Tea",3
"Steve's Soul Food","Soul Food",3.5
"Steve's Soul Food","Barbeque",3.5
"Royal Barbecue Pizza","Barbeque",4
"Royal Barbecue Pizza","Pizza",4
"Athens Souvlaki","Greek",4
"Cheat Treats","Donuts",4
"Cheat Treats","Juice Bars & Smoothies",4
"Detroit One Coney Island","American (Traditional)",2.5
"Detroit One Coney Island","Breakfast & Brunch",2.5
"Detroit One Coney Island","Fast Food",2.5
"Urban Soul","Southern",3
"Cheat Treats","Desserts",4
"Spud Headz","Comfort Food",3.5
"Detroit Fleat","Beer, Wine & Spirits",4
"Detroit Fleat","American (New)",4
"Grand Trunk Pub","Pubs",3.5
"Grand Trunk Pub","American (New)",3.5
"Grand Trunk Pub","Irish Pub",3.5
"The Brakeman","Beer Bar",3.5
"The Taco Stand Taqueria","Tacos",4.5
"Kidcadia Play Café","Kids Activities",5
"Kidcadia Play Café","Cafes",5
"Kidcadia Play Café","Venues & Event Spaces",5
"Street Beet","Street Vendors",4
"Dynasty Chinese Food","Chinese",3.5
"Street Beet","Vegan",4
"The Breakfast Loft","Breakfast & Brunch",3.5
"Howe's Bayou","Cajun/Creole",4
"Lebon Sweets","Desserts",4.5
"Howe's Bayou","Seafood",4
"The Drunken Rooster","Food Trucks",5
"The Drunken Rooster","Mediterranean",5
"El Rancho Mexican Restaurant","Mexican",3.5
"El Rancho Mexican Restaurant","Desserts",3.5
"El Rancho Mexican Restaurant","Breakfast & Brunch",3.5
"MotorBurger","Burgers",4
"MotorBurger","Fast Food",4
"MotorBurger","Beer Bar",4
"Ukrainian Restaurant","Ukrainian",4.5
"Taylor Made Phat Burgers","Burgers",4
"Uncle Rays Potato Chips","Fast Food",4.5
"ChickP Detroit","Salad",4
"ChickP Detroit","Wraps",4
"ChickP Detroit","Juice Bars & Smoothies",4
"TV Lounge","Bars",3.5
"TV Lounge","Dance Clubs",3.5
"Mamo Burger Bar","American (Traditional)",4.5
"Mamo Burger Bar","Burgers",4.5
"Las Cazuelas Grill","Mexican",4.5
"Detroit City Clubhouse","Sports Bars",4.5
"Los Corrales Restaurant","Mexican",3.5
"Apple Fritter Donut Shop","Donuts",4.5
"Apple Fritter Donut Shop","Coffee & Tea",4.5
"Red Bull House Of Art","Art Galleries",4.5
"Red Bull House Of Art","Local Flavor",4.5
"Windsor Palace Restaurant","Middle Eastern",4.5
"Prince Valley Market","Grocery",4
"Prince Valley Market","Bakeries",4
"Family Bakery","Bakeries",4.5
"Monument to Joe Louis","Landmarks & Historical Buildings",4.5
"Town Pump Tavern","American (Traditional)",2.5
"Town Pump Tavern","Pubs",2.5
"Bea's Detroit","Shared Office Spaces",4.5
"Bea's Detroit","Venues & Event Spaces",4.5
"Bea's Detroit","Cafes",4.5
"Gateway Deli Cafe","Delis",3.5
"Gateway Deli Cafe","Venues & Event Spaces",3.5
"Nathan's Deli","Delis",4
"Halal Desi Pizza & Gyro's","Halal",4
"Halal Desi Pizza & Gyro's","Pizza",4
"Halal Desi Pizza & Gyro's","Burgers",4
"Baba's Grill","Lebanese",4
"Baba's Grill","Halal",4
"Lincoln Street Art Park","Parks",4.5
"Lincoln Street Art Park","Art Tours",4.5
"Chick-fil-A","Fast Food",4
"Schramm's Mead","American (New)",4.5
"Schramm's Mead","Wine Bars",4.5
"May Wah Inn Chinese Cuisine","Chinese",4
"Mexican Town Restaurant","Mexican",2.5
"Capri Italian Bakery","Bakeries",4.5
"Capri Italian Bakery","Pizza",4.5
"Capri Italian Bakery","Sandwiches",4.5
"Assembly Line Buffet","Buffets",3
"El Salpicon Detroit","Mexican",4
"El Salpicon Detroit","Latin American",4
"El Salpicon Detroit","Seafood",4
"Coney King Coney Island","Breakfast & Brunch",4
"Coney King Coney Island","American (Traditional)",4
"Nico Taverna","Italian",4.5
"Sports & Social Detroit","Sports Bars",3
"Sports & Social Detroit","American (Traditional)",3
"Sports & Social Detroit","Cocktail Bars",3
"Kong Kow Restaurant","Chinese",4
"Red Star Restaurant","Chinese",4
"Red Star Restaurant","Seafood",4
"Red Star Restaurant","Noodles",4
"Mr. Corned Beef","Delis",4
"Mr. Corned Beef","Sandwiches",4
"Mr. Corned Beef","Desserts",4
"Jose's Tacos","Tacos",4.5
"Cadillac Lodge","Cocktail Bars",4
"Cadillac Lodge","Pop-Up Restaurants",4
"The Keg Steakhouse + Bar  Riverside","Steakhouses",4
"The Keg Steakhouse + Bar  Riverside","Bars",4
"The Keg Steakhouse + Bar  Riverside","Seafood",4
"Detroit Bubble Tea","Coffee & Tea",4
"Detroit Bubble Tea","Bubble Tea",4
"Detroit Bubble Tea","Juice Bars & Smoothies",4
"The Madison Building","Landmarks & Historical Buildings",5
"COOP Carribean Fusion","American (New)",3.5
"COOP Carribean Fusion","Caribbean",3.5
"Carnival Fresh Mex","Mexican",3
"Alnawras Restaurant","Mediterranean",5
"LJ's Lounge","Lounges",3.5
"Lucki's Cheesecakes - 6 Mile","Desserts",4
"Shawarma Palace","Middle Eastern",4
"Shawarma Palace","Halal",4
"The Baltimore","Bars",3.5
"The Baltimore","American (Traditional)",3.5
"Maine Street Restaurant","Greek",4
"Maine Street Restaurant","Italian",4
"Maine Street Restaurant","American (Traditional)",4
"Grandys Coney Island Restaurant","Fast Food",4
"A1 Dogs&burgers","Hot Dogs",4.5
"A1 Dogs&burgers","Burgers",4.5
"Hamtramck Disneyland","Local Flavor",4.5
"Pasta Bowl Restaurant","Soul Food",3
"Pasta Bowl Restaurant","Comfort Food",3
"Pasta Bowl Restaurant","Italian",3
"New China One","Chinese",3.5
"A1 Dogs&burgers","Halal",4.5
"On a Roll Sushi & Sliders","Sushi Bars",4.5
"Sabina's Restaurant","Polish",4
"Amicci's Pizza","Pizza",3.5
"On a Roll Sushi & Sliders","Cocktail Bars",4.5
"Habib's Cuisine","Mediterranean",3.5
"Habib's Cuisine","Middle Eastern",3.5
"Habib's Cuisine","Sandwiches",3.5
"Kwong Tung Inn","Chinese",3.5
"Donutville USA","Donuts",4
"Donutville USA","Bakeries",4
"China House","Chinese",3.5
"Donutville USA","Coffee & Tea",4
"Shield's Restaurant Bar Pizzeria","Pizza",3.5
"Shield's Restaurant Bar Pizzeria","Sports Bars",3.5
"Shield's Restaurant Bar Pizzeria","American (Traditional)",3.5
"Kwong Village","Chinese",4
"Cobb's Corner Bar","Bars",3.5
"Cobb's Corner Bar","American (Traditional)",3.5
"The Blue Nile Ethiopian Restaurant- Ferndale","Ethiopian",3.5
"The Blue Nile Ethiopian Restaurant- Ferndale","Vegetarian",3.5
"Tacos el Toro","Food Stands",4.5
"Cøllect","Beer Bar",5
"Cøllect","Kombucha",5
"The Corner Grill, Bar  Game Room","Eatertainment",4
"The Corner Grill, Bar  Game Room","American (Traditional)",4
"The Corner Grill, Bar  Game Room","Bars",4
"Golden Chicken","Middle Eastern",4.5
"Golden Chicken","Halal",4.5
"Golden Chicken","Chicken Shop",4.5
"Taloola Cafe","Cafes",4.5
"Inyo","Asian Fusion",3.5
"Gourmet Deli","Delis",4.5
"The Whisky Parlor","Lounges",4.5
"The Whisky Parlor","Whiskey Bars",4.5
"Jordan's Family Restaurant","Breakfast & Brunch",4.5
"Jordan's Family Restaurant","American (Traditional)",4.5
"Michigan Central Station","Landmarks & Historical Buildings",4
"MAZAAR - Downtown","Middle Eastern",4
"Sheeba Restaurant","Middle Eastern",4
"Paul's Pizzeria","Pizza",4
"Sheeba Restaurant","Halal",4
"Grill Room at Detroit Athletic Club","American (Traditional)",4
"Grill Room at Detroit Athletic Club","Breakfast & Brunch",4
"The Manchester","British",4
"The Manchester","Music Venues",4
"The Manchester","Fish & Chips",4
"Ferndale Project","Coffee & Tea",4.5
"Ferndale Project","Breweries",4.5
"Ferndale Project","Pizza",4.5
"Buena Fe Restaurant","Mexican",4.5
"Buena Fe Restaurant","Salvadoran",4.5
"T-Mo's BBQ Pit","Smokehouse",4.5
"T-Mo's BBQ Pit","Barbeque",4.5
"T-Mo's BBQ Pit","Southern",4.5
"U of D Coney Island","Restaurants",4
"ZamZam Restaurant","Indian",4
"ZamZam Restaurant","Pakistani",4
"ZamZam Restaurant","Bangladeshi",4
"Elmer's Hamburgers","Burgers",4
"Peoples Brothers Bakery","Bakeries",4
"Tropical Hut Philippine Cuisine","Filipino",4.5
"Rafic's Falafel","Lebanese",4
"Rafic's Falafel","Falafel",4
"Loncheria El Parian","Mexican",4.5
"Loncheria El Parian","Street Vendors",4.5
"The Loose Goose","Pubs",4
"Saucy Brew Works - Detroit","Pizza",4
"Saucy Brew Works - Detroit","Coffee & Tea",4
"Buffalo Wild Wings","Chicken Wings",2
"Saucy Brew Works - Detroit","Brewpubs",4
"Buffalo Wild Wings","American (Traditional)",2
"Buffalo Wild Wings","Sports Bars",2
"Slices","Pizza",3
"Level Two Bar & Rooftop","Bars",2.5
"Level Two Bar & Rooftop","Dance Clubs",2.5
"Level Two Bar & Rooftop","American (Traditional)",2.5
"Antojitos Southwest","Food Stands",4.5
"The Twisted Apron","Comfort Food",3.5
"The Twisted Apron","Breakfast & Brunch",3.5
"Grand Army of the Republic Building","Landmarks & Historical Buildings",4.5
"Super Greenland Market","Meat Shops",4
"Super Greenland Market","International Grocery",4
"Super Greenland Market","Delis",4
"Top China One","Chinese",3.5
"The Emory","Burgers",3.5
"The Emory","American (Traditional)",3.5
"The Emory","Beer Bar",3.5
"Bubi's Awesome Eats","Burgers",3.5
"Bubi's Awesome Eats","Salad",3.5
"44 Burrito","Mexican",3.5
"Ivy Kitchen + Cocktails","American (New)",3
"Ivy Kitchen + Cocktails","Desserts",3
"Ivy Kitchen + Cocktails","Cocktail Bars",3
"Parks Old Style Bar-B-Q","Barbeque",3
"Parks Old Style Bar-B-Q","Chicken Wings",3
"Noah's Deli","Delis",4
"Olympic Grill","Diners",3.5
"Wigley's Meats & Produce","Meat Shops",4
"Wigley's Meats & Produce","Delis",4
"MotorCity Casino Buffet","Buffets",3.5
"MotorCity Casino Buffet","American (Traditional)",3.5
"The Alley Deck","Bars",4.5
"The Alley Deck","Barbeque",4.5
"Pizza Connection","Pizza",4
"La Shish","Middle Eastern",3.5
"Mumma Maria's House","Italian",4.5
"D Motown Deli & Food Truck","Delis",4
"The Lodge Diner","Diners",3
"Assaggi Bistro","Italian",4
"Assaggi Bistro","Wine Bars",4
"D Motown Deli & Food Truck","Food Trucks",4
"Legends Grill","American (New)",4
"Legends Grill","Diners",4
"Red Robin Gourmet Burgers and Brews","American (Traditional)",3
"Red Robin Gourmet Burgers and Brews","Burgers",3
"Woodward Bar & Grill","Gay Bars",4
"Vito's Olde Walkerville Pizzeria","Pizza",4
"Fresh Fish House","Fish & Chips",3.5
"Fresh Fish House","Seafood",3.5
"Fresh Fish House","Chicken Wings",3.5
"Epicurus Restaurant of Wayne state","Diners",3
"Pho Xic Lo","Vietnamese",4
"Epicurus Restaurant of Wayne state","Halal",3
"Epicurus Restaurant of Wayne state","Pizza",3
"Asian Corned Beef","Asian Fusion",3.5
"Asian Corned Beef","Delis",3.5
"Starbucks","Coffee & Tea",4.5
"William G Milliken State Park and Harbor","Parks",4.5
"William G Milliken State Park and Harbor","Boating",4.5
"William G Milliken State Park and Harbor","Fishing",4.5
"Jubba Restaurant","Canadian (New)",4.5
"Jubba Restaurant","African",4.5
"MBAD's African Bead Museum","Museums",5
"Dearborn Sweets","Bakeries",4.5
"Dearborn Sweets","Desserts",4.5
"Peteet's Famous Cheesecakes","Bakeries",4.5
"Peteet's Famous Cheesecakes","Desserts",4.5
"Peteet's Famous Cheesecakes","Cupcakes",4.5
"BabyBacks Open Pit","Barbeque",4
"People's Pierogi Collective","Polish",4
"Shelby","Speakeasies",4.5
"Shanghai Bistro","Chinese",4.5
"Island Spice Caribbean & American Restaurant","American (Traditional)",4
"Island Spice Caribbean & American Restaurant","Seafood",4
"Island Spice Caribbean & American Restaurant","Caribbean",4
"The Motown Bistro","Steakhouses",2.5
"The Motown Bistro","Seafood",2.5
"Midnight Temple","Indian",4.5
"Kings Bakery","Bakeries",4
"Historic Fort Wayne","Landmarks & Historical Buildings",4
"TOAST Restaurant","Breakfast & Brunch",4
"New Martha Washington Bakery","Bakeries",4
"New Martha Washington Bakery","Donuts",4
"Southern Fires Bistro & Lounge","Lounges",2.5
"Southern Fires Bistro & Lounge","American (Traditional)",2.5
"Southern Fires Bistro & Lounge","Seafood",2.5
"The Sushi California","Japanese",4
"Mike's Kabob Grille","American (Traditional)",3
"The Sushi California","Sushi Bars",4
"Mike's Kabob Grille","Middle Eastern",3
"State Bar","Sports Bars",3.5
"Mike's Kabob Grille","Breakfast & Brunch",3
"Painted Lady Lounge","Lounges",4
"Painted Lady Lounge","Cocktail Bars",4
"New York Deli","Delis",4
"New York Deli","Sandwiches",4
"New York Deli","Halal",4
"Woodward Avenue Brewers","Breweries",3
"Woodward Avenue Brewers","Pizza",3
"El Paisa Taqueria Truck","Mexican",4.5
"El Paisa Taqueria Truck","Food Stands",4.5
"Bistro 555","American (Traditional)",2.5
"Bistro 555","Buffets",2.5
"Milano Cafe","Cafes",4.5
"Mighty Wing Shop","American (Traditional)",3
"Mighty Wing Shop","Chicken Shop",3
"Mighty Wing Shop","Breakfast & Brunch",3
"Kabob House & Mouchak Sweets","Indian",3.5
"Kabob House & Mouchak Sweets","Seafood",3.5
"Kabob House & Mouchak Sweets","Bangladeshi",3.5
"Uptown Barbecue","Barbeque",2.5
"F&B","Tapas/Small Plates",4.5
"F&B","Seafood",4.5
"F&B","Cocktail Bars",4.5
"Campus Diner","Diners",3
"Wyoming Lunch","Breakfast & Brunch",4.5
"Wyoming Lunch","American (Traditional)",4.5
"Tacos El Rodeo","Mexican",4
"Tacos El Rodeo","Food Trucks",4
"Arbeel Kabab","Kebab",4
"Arbeel Kabab","Halal",4
"Arbeel Kabab","Middle Eastern",4
"Tria","American (New)",4
"COMO's Restaurant","Pizza",3.5
"COMO's Restaurant","Italian",3.5
"Zaatar W Zeit","Lebanese",4.5
"Zaatar W Zeit","Bakeries",4.5
"Motor City Sports Bar","Sports Bars",4
"Chick's Bar","Pubs",4.5
"Shin Shin","Chinese",4
"MIX Bricktown","Lounges",4
"Lagerhaus","Beer Bar",4.5
"Rock City  Eats & Sweets","Custom Cakes",4.5
"Rock City  Eats & Sweets","Sandwiches",4.5
"Rock City  Eats & Sweets","Chicken Wings",4.5
"L Georges Coney Island","American (Traditional)",4
"Tiger Club","Sports Bars",3.5
"Villa Restaurant","Pizza",4.5
"Villa Restaurant","Italian",4.5
"Mr Fish","Seafood",3.5
"Mr Fish","Seafood Markets",3.5
"The Whiskey Factory","Venues & Event Spaces",4
"The Whiskey Factory","Landmarks & Historical Buildings",4
"The Whiskey Factory","Distilleries",4
"La Kabob Grill","Juice Bars & Smoothies",4
"La Kabob Grill","Mediterranean",4
"La Kabob Grill","Salad",4
"Hambo Coney Island","Diners",4
"The Motor Bar","Bars",3.5
"The Purple Door Tea Room","Tea Rooms",4.5
"Hambo Coney Island","Hot Dogs",4
"Hambo Coney Island","American (Traditional)",4
"Fratellis Pizza Cafe","Pizza",4.5
"Fratellis Pizza Cafe","Chicken Wings",4.5
"Woodward Coney Restaurant","Burgers",3.5
"Woodward Coney Restaurant","Hot Dogs",3.5
"Woodward Coney Restaurant","Greek",3.5
"Detroit Shrimp and Fish","Seafood",3.5
"The Lobster Food Truck","Food Trucks",4.5
"The Lobster Food Truck","Seafood",4.5
"Sal's Pizza Cafe","Pizza",3.5
"Golden Bakery","Middle Eastern",4
"Golden Bakery","Bakeries",4
"Eddy's Mediterranean Bistro","Lebanese",4.5
"Eddy's Mediterranean Bistro","Mediterranean",4.5
"Jimmy John's","Sandwiches",3.5
"Jimmy John's","Delis",3.5
"Eddy's Mediterranean Bistro","Italian",4.5
"Jimmy John's","Fast Food",3.5
"Mi Lindo San Blas","Seafood",3
"Mi Lindo San Blas","Mexican",3
"Balkan House Ferndale","Modern European",4.5
"Balkan House Ferndale","Desserts",4.5
"Balkan House Ferndale","Coffee & Tea",4.5
"Reshmi Sweets & Cafe","Pakistani",3.5
"Reshmi Sweets & Cafe","Indian",3.5
"Reshmi Sweets & Cafe","Bangladeshi",3.5
"Triangulo Dorado","Mexican",4
"Nick's Pizza","Pizza",4
"Nick's Pizza","Salad",4
"Nick's Pizza","Chicken Wings",4
"Anthology Coffee","Coffee & Tea",3.5
"Paul's Kitchen","Breakfast & Brunch",4.5
"Hearth 71","Venues & Event Spaces",4.5
"Hearth 71","Steakhouses",4.5
"China Wok","Chinese",4
"Hearth 71","Wine Bars",4.5
"Delite Cafe Deli Detroit","Ice Cream & Frozen Yogurt",4.5
"Delite Cafe Deli Detroit","Coffee & Tea",4.5
"Delite Cafe Deli Detroit","Delis",4.5
"Lou's Coney Time","American (Traditional)",5
"Potbelly Sandwich Shop","Salad",3.5
"Potbelly Sandwich Shop","Sandwiches",3.5
"Potbelly Sandwich Shop","Fast Food",3.5
"Al Saha","Middle Eastern",4
"Ambassador Bridge","Landmarks & Historical Buildings",3
"May's Bangkok Express","Thai",4
"Cairo Coffee","Coffee & Tea",4
"May's Bangkok Express","Chinese",4
"Cadillac Café","American (New)",3.5
"Cadillac Café","Pop-Up Restaurants",3.5
"Milwaukee Caffe","Coffee & Tea",4.5
"Bread Basket Deli","Delis",3.5
"Noni's Sherwood Grille","American (Traditional)",3
"Noni's Sherwood Grille","Comfort Food",3
"House of Pad Thai","Thai",4.5
"Rock Bottom Bar & Grill","Breakfast & Brunch",4
"House of Pad Thai","Laotian",4.5
"Rock Bottom Bar & Grill","Sports Bars",4
"Freshii","Salad",3
"Freshii","Vegetarian",3
"Freshii","Fast Food",3
"Farmer Frank's","Breakfast & Brunch",4
"Farmer Frank's","Delis",4
"Marcus Hamburgers","Burgers",4.5
"Farmer Frank's","American (Traditional)",4
"Marcus Hamburgers","Breakfast & Brunch",4.5
"Marcus Hamburgers","Diners",4.5
"Sweetwater Express- Detroit","American (Traditional)",3
"Mainstreet Grill & Coney Island","Breakfast & Brunch",3.5
"Mainstreet Grill & Coney Island","Salad",3.5
"Beau Bien Fine Foods","Specialty Food",4.5
"Beau Bien Fine Foods","Sandwiches",4.5
"Al Haramain International Foods","International Grocery",4.5
"Al Haramain International Foods","Meat Shops",4.5
"Al Haramain International Foods","Delis",4.5
"Jet's Pizza","Pizza",2.5
"Iraqi Kabob","Middle Eastern",3.5
"Jet's Pizza","Food Delivery Services",2.5
"Sneakers Pub","Dive Bars",4
"Sneakers Pub","Karaoke",4
"Jet's Pizza","Salad",2.5
"Toasty's Grilled Cheese & Salad Bar","Soup",4.5
"Toasty's Grilled Cheese & Salad Bar","Sandwiches",4.5
"Toasty's Grilled Cheese & Salad Bar","Canadian (New)",4.5
"A Dog's Breakfast","Breakfast & Brunch",4
"A Dog's Breakfast","Hot Dogs",4
"A Dog's Breakfast","Burgers",4
"Starbucks","Coffee & Tea",2.5
"Bon Bon Bon","Desserts",5
"Bon Bon Bon","Chocolatiers & Shops",5
"IHOP","Burgers",3
"IHOP","Breakfast & Brunch",3
"IHOP","American (Traditional)",3
"Zorba's Coney Island","Breakfast & Brunch",4.5
"Zorba's Coney Island","American (Traditional)",4.5
"Zorba's Coney Island","Seafood",4.5
"Salsarita's Fresh Mexican Grill","Mexican",3.5
"Gigi's","Gay Bars",3.5
"Terra Cotta Pizzeria","Pizza",4
"Lefty's Cheesesteak","Cheesesteaks",3
"Lefty's Cheesesteak","Hot Dogs",3
"Lefty's Cheesesteak","Burgers",3
"Pekin Pavilion","Chinese",3.5
"Suzy's Bar","Dive Bars",4.5
"Vitamin Juice","Juice Bars & Smoothies",3.5
"Vitamin Juice","Coffee & Tea",3.5
"Vitamin Juice","Ice Cream & Frozen Yogurt",3.5
"Esto's Garage","Mexican",5
"Esto's Garage","Food Trucks",5
"Anchor Coffee House","Coffee & Tea",4.5
"Eros Asian Eatery","Thai",4.5
"Eros Asian Eatery","Chinese",4.5
"Eros Asian Eatery","Japanese",4.5
"Jet's Pizza","Pizza",2.5
"Blind Owl","Cocktail Bars",5
"Jet's Pizza","Food Delivery Services",2.5
"Jet's Pizza","Italian",2.5
"Delmar","Sports Bars",3
"Delmar","American (Traditional)",3
"Delmar","Cocktail Bars",3
"Tin Roof","Music Venues",3
"Tin Roof","Southern",3
"Tin Roof","Pubs",3
"Country Restaurant","American (New)",3.5
"Wxyz Bar","Bars",5
"Country Restaurant","Middle Eastern",3.5
"Potbelly Sandwich Shop","Sandwiches",3
"Potbelly Sandwich Shop","Fast Food",3
"Potbelly Sandwich Shop","Salad",3
"Wing's Gardens","Chinese",4
"Hikari  Restaurant","Japanese",4
"Hikari  Restaurant","Korean",4
"Greektown Historic District","Local Flavor",4
"Lunchtime Detroit","Delis",3.5
"White Castle","Fast Food",3.5
"White Castle","Burgers",3.5
"Tortitas El Rojito","Mexican",4
"Tortitas El Rojito","Hot Dogs",4
"Tortitas El Rojito","Food Stands",4
"BIGGBY COFFEE","Coffee & Tea",4.5
"BIGGBY COFFEE","Cafes",4.5
"Yoshi Hibachi Grille","Japanese",3
"Applebee's Grill + Bar","Sports Bars",2.5
"Applebee's Grill + Bar","Burgers",2.5
"Applebee's Grill + Bar","American (Traditional)",2.5
"Sakana Sushi Lounge","Japanese",3.5
"Sakana Sushi Lounge","Sushi Bars",3.5
"Cedarland Bakery","Bakeries",5
"Cedarland Bakery","Middle Eastern",5
"Cloud Nine Heads2Go","Hookah Bars",5
"Cloud Nine Heads2Go","Tobacco Shops",5
"Adi's Coney Island","Diners",4
"Adi's Coney Island","American (Traditional)",4
"Palmer Park","Parks",4
"Murals in the Market","Public Art",5
"The Library","Cocktail Bars",5
"Pik Nik Basket","American (New)",5
"Pik Nik Basket","Sandwiches",5
"Pik Nik Basket","Seafood",5
"Rono's Caribbean Family Dining","Caribbean",3.5
"Delray Barbecue","Barbeque",5
"Delray Barbecue","Sandwiches",5
"Delray Barbecue","Desserts",5
"La Posada","Tacos",4.5
"Rosie O'Grady's","Bars",3
"Rosie O'Grady's","Burgers",3
"Rosie O'Grady's","Barbeque",3
"Basil Court Restaurant","Thai",3.5
"Thai Garden Restaurant","Thai",4
"Sky Lounge Restaurant & Cafe","Lounges",3
"Sky Lounge Restaurant & Cafe","Cafes",3
"Sky Lounge Restaurant & Cafe","Middle Eastern",3
"Byblos Cafe & Grill II","Seafood",2.5
"Byblos Cafe & Grill II","Mediterranean",2.5
"America's Thanksgiving Day Parade","Local Flavor",5
"Belle Isle Nature Center","Zoos",3.5
"The Coffee Exchange","Coffee & Tea",4
"La Rosita","Mexican",4
"La Rosita","Grocery",4
"Sheeba Restaurant","Arabian",4
"Fredi The PizzaMan","Italian",4.5
"Lucky Dragon","Chinese",2.5
"Fredi The PizzaMan","Pizza",4.5
"Sheeba Restaurant","Middle Eastern",4
"Smokey G's Smokehouse","Barbeque",3.5
"Good Times On The Ave","American (Traditional)",3
"Kelly's Bar","Dive Bars",4
"Kelly's Bar","Burgers",4
"E & S Carry Outs","Seafood",4.5
"Mystic Kettle","Farmers Market",5
"Mystic Kettle","Street Vendors",5
"House of Shamrocks","Sports Bars",4
"House of Shamrocks","Burgers",4
"House of Shamrocks","Karaoke",4
"BBQ Central","Barbeque",3
"BBQ Central","Soul Food",3
"Sam's Ferndale Grill","Diners",3.5
"Sam's Ferndale Grill","Desserts",3.5
"Sam's Ferndale Grill","Burgers",3.5
"Babylon Garden","Mediterranean",4.5
"Babylon Garden","Middle Eastern",4.5
"Babylon Garden","Halal",4.5
"Haneeth House","Middle Eastern",4.5
"J's Penalty Box","Sports Bars",4
"J's Penalty Box","Burgers",4
"J's Penalty Box","Sandwiches",4
"Simon's Prime Hamburgers","Burgers",4
"Caesar's Coney Island","Breakfast & Brunch",4
"Amicci's Pizza","Pizza",2.5
"Starter's Bar & Grill","Bars",3
"Starter's Bar & Grill","American (Traditional)",3
"Lile's Sandwich Shop","Sandwiches",4
"Bayview Yacht Club","Boating",4.5
"Bayview Yacht Club","Bars",4.5
"Bayview Yacht Club","Sandwiches",4.5
"Great Lakes Coffee Roasting Company","Coffee Roasteries",4.5
"Salvatore Scallopini","Italian",4.5
"La Rosa Bakery","Bakeries",4.5
"SugarBuzz Bakery","Vegan",4.5
"SugarBuzz Bakery","Bakeries",4.5
"A & L Ham Palace","Breakfast & Brunch",4.5
"SugarBuzz Bakery","Donuts",4.5
"Sun Sun Restaurant","Chinese",3.5
"Mama's Restaurant","American (Traditional)",4
"Mama's Restaurant","Sandwiches",4
"Mama's Restaurant","Breakfast & Brunch",4
"Joe's Top Dog Restaurant & Bar","Diners",4
"Joe's Top Dog Restaurant & Bar","American (Traditional)",4
"Joe's Top Dog Restaurant & Bar","Hot Dogs",4
"La Guardia","Italian",4
"Bosco Lounge","Lounges",3.5
"Bosco Lounge","Breakfast & Brunch",3.5
"Papa's Pizza & BBQ","Barbeque",3
"Papa's Pizza & BBQ","Pizza",3
"Donovan's Pub","Pubs",3.5
"Halal Street","Halal",4
"D.PRIME Steakhouse","Steakhouses",4
"D.PRIME Steakhouse","Bars",4
"D.PRIME Steakhouse","Seafood",4
"Mancini's Italia Bakery","Bakeries",5
"Barter","Cocktail Bars",5
"Barter","Music Venues",5
"La Penguina Deli","Delis",4.5
"The Loving Touch","Pool Halls",3.5
"The Loving Touch","Lounges",3.5
"The Loving Touch","Music Venues",3.5
"Burger Grille","American (Traditional)",4
"Burger Grille","Burgers",4
"Zaytoona Mediterranean Grill","Mediterranean",4
"Mezzo Ristorante & Lounge","Italian",4.5
"Mezzo Ristorante & Lounge","Lounges",4.5
"Clark Park","Parks",4.5
"Chita's Nefertiti Bar","Bars",5
"Chita's Nefertiti Bar","American (New)",5
"Ronnie Berrys Halal Meats","Meat Shops",4.5
"Ronnie Berrys Halal Meats","Butcher",4.5
"Ronnie Berrys Halal Meats","Halal",4.5
"Pink Flamingo To Go","Vegetarian",4.5
"Pink Flamingo To Go","Vegan",4.5
"Sir Cedric's Fish & Chips","Seafood",4
"Sir Cedric's Fish & Chips","Fish & Chips",4
"Second Base","Dive Bars",3.5
"Second Base","Pizza",3.5
"Cata Vino Detroit","Wine Bars",4
"Louis' Restaurant","Breakfast & Brunch",4.5
"Press Room","Cafes",3.5
"Press Room","Juice Bars & Smoothies",3.5
"Press Room","Pizza",3.5
"Neros Steakhouse","Steakhouses",3.5
"Neros Steakhouse","Seafood",3.5
"Al Basha Subs - Wayne State Univ","Sandwiches",3
"Al Basha Subs - Wayne State Univ","Burgers",3
"Al Basha Subs - Wayne State Univ","Middle Eastern",3
"Robert C. Valade Park","Parks",4.5
"Robert C. Valade Park","Playgrounds",4.5
"Outer Limits Lounge","Lounges",5
"Pietrzyk Pierogi","Polish",4.5
"Pietrzyk Pierogi","Soup",4.5
"Pietrzyk Pierogi","Vegan",4.5
"Zukins Rib Shack","Pizza",4
"Zukins Rib Shack","Barbeque",4
"Zukins Rib Shack","Seafood",4
"Sweet Soul Bistro","Soul Food",3
"Sweet Soul Bistro","Lounges",3
"Cardoni's Bar & Grill","Pubs",4
"Joe louis southern kitchen","Breakfast & Brunch",4
"Joe louis southern kitchen","American (Traditional)",4
"Joe louis southern kitchen","American (New)",4
"Exodos Rooftop","Lounges",2
"Exodos Rooftop","Cocktail Bars",2
"Exodos Rooftop","Dance Clubs",2
"Gregg's Pizza & Bar-B-Que","Pizza",3
"Gregg's Pizza & Bar-B-Que","Barbeque",3
"Applebee's Bar + Grill","Sports Bars",3
"Applebee's Bar + Grill","American (Traditional)",3
"Applebee's Bar + Grill","Burgers",3
"D And D Cuisine","American (New)",3.5
"D And D Cuisine","Seafood",3.5
"Royal Grill Restaurant","American (Traditional)",3.5
"Cupcake Station","Bakeries",3.5
"Cupcake Station","Cupcakes",3.5
"Hello Shawarma","Burgers",4.5
"Hello Shawarma","Salad",4.5
"Hello Shawarma","Halal",4.5
"Packard Plant","Landmarks & Historical Buildings",4
"Yelp's Exploration Society","Yelp Events",5
"Detroit Golf Club","Golf",3.5
"WingFellas","Chicken Wings",4
"WingFellas","Burgers",4
"Detroit Belle Isle Grand Prix","Automotive",4
"Detroit Belle Isle Grand Prix","Local Flavor",4
"LongHorn Steakhouse","Steakhouses",3.5
"Detroit Belle Isle Grand Prix","Hotels & Travel",4
"LongHorn Steakhouse","American (Traditional)",3.5
"LongHorn Steakhouse","Barbeque",3.5
"Little Caesars","Pizza",5
"Oakwood Baking","Bakeries",5
"Masaya Mediterranean Cuisine","Mediterranean",4
"Ford Patio Bar & Grill","Seafood",3.5
"Ford Patio Bar & Grill","American (Traditional)",3.5
"Ford Patio Bar & Grill","Sports Bars",3.5
"Hanan's Bakery","Bakeries",5
"Gus & Us Grill","Greek",4
"Gus & Us Grill","Breakfast & Brunch",4
"Gus & Us Grill","Burgers",4
"Eastwood's Grill & Lounge","American (Traditional)",4.5
"Eastwood's Grill & Lounge","Pubs",4.5
"Got Pho","Thai",4
"Got Pho","Vietnamese",4
"Got Pho","Asian Fusion",4
"Rocky's Road Brew","Coffee & Tea",4
"Rocky's Road Brew","Food Trucks",4
"Rocky's Road Brew","Tacos",4
"P.F. Chang's","Asian Fusion",3.5
"P.F. Chang's","Chinese",3.5
"Biryani & Grill","Pakistani",4.5
"Biryani & Grill","Indian",4.5
"O'Maggio's Kildare House","Bars",3.5
"O'Maggio's Kildare House","Gastropubs",3.5
"River Breeze Dairy Freeze","Ice Cream & Frozen Yogurt",4.5
"Eagle Tavern","American (Traditional)",4
"Eagle Tavern","Pubs",4
"Coney Time Coney Island","American (Traditional)",3.5
"New Way Bar","Dive Bars",4
"New Way Bar","Music Venues",4
"New Way Bar","American (New)",4
"Star of India","Indian",3
"Star of India","Seafood",3
"Lorent Coney Island","Hot Dogs",5
"Lorent Coney Island","Breakfast & Brunch",5
"Lorent Coney Island","Diners",5
"Super Coney Island","Restaurants",5
"Starbucks","Coffee & Tea",2
"Nick's Gaslight Restaurant & Lounge","Greek",3
"Soho","Lounges",3.5
"Soho","Gay Bars",3.5
"Baker Streetcar Bar","Bars",4.5
"Chene Modern Bakery","Bakeries",4
"La Musique Restaurant","American (New)",3
"Giovanna's Lounge","Restaurants",4
"Giovanna's Lounge","Lounges",4
"Adam's Apple","Gay Bars",4
"Fish Station","Seafood",4
"Fish Station","Chicken Wings",4
"Shrimp City Detroit","Seafood",4.5
"Brayz Hamburgers","Diners",3.5
"Brayz Hamburgers","Burgers",3.5
"Detroit Dog Park","Dog Parks",4
"Detroit Wing Company","Chicken Wings",4
"Palenque","Mexican",4.5
"Ali's Pizza","Pizza",4
"Ali's Pizza","Burgers",4
"Ali's Pizza","Chicken Wings",4
"Jerry's Pizza & Barbecue","Pizza",3
"kai's loaded bakery","Desserts",5
"Presto Gourmet Deli","Delis",3.5
"The Barrel House","Canadian (New)",4.5
"Naba Brick Oven Bakery","Bakeries",4.5
"The Barrel House","Pubs",4.5
"Auburn Cafe","Greek",4
"Auburn Cafe","Seafood",4
"Auburn Cafe","American (Traditional)",4
"La Favorita","Mexican",4.5
"La Favorita","Grocery",4.5
"Nandis Knowledge Cafe","Bookstores",5
"Nandis Knowledge Cafe","Cafes",5
"Nandis Knowledge Cafe","Art Galleries",5
"State Deli & Grocery","Delis",3.5
"State Deli & Grocery","Sandwiches",3.5
"State Deli & Grocery","Grocery",3.5
"Mangos Cafe","Cafes",3
"Blaze Pizza","Salad",3.5
"Blaze Pizza","Pizza",3.5
"Blaze Pizza","Fast Food",3.5
"Chefs Table","American (Traditional)",5
"Paisano's Pizza","Pizza",3.5
"Grille 39","American (Traditional)",3
"Bonoful Sweets & Cafe","Indian",3.5
"Bonoful Sweets & Cafe","Pakistani",3.5
"Bonoful Sweets & Cafe","Bangladeshi",3.5
"Curry Express","Indian",3.5
"The Rink at Campus Martius","Parks",5
"The Rink at Campus Martius","Skating Rinks",5
"Riverside Pie Cafe","Desserts",5
"Riverside Pie Cafe","Breakfast & Brunch",5
"Riverside Pie Cafe","Cafes",5
"Legend's Coney Island West","American (Traditional)",4
"Legend's Coney Island West","Fast Food",4
"Delphine Jamaican Restaurant","Caribbean",4
"Jolly Old Timers","Venues & Event Spaces",5
"Jolly Old Timers","American (Traditional)",5
"JB Bamboozles Pub & Grille","Pubs",3.5
"Starbucks","Coffee & Tea",3
"JB Bamboozles Pub & Grille","American (New)",3.5
"BIGGBY COFFEE","Coffee & Tea",4.5
"BIGGBY COFFEE","Cafes",4.5
"Iraqi Bakery","Pakistani",4
"Iraqi Bakery","Bakeries",4
"Iraqi Bakery","Persian/Iranian",4
"China House","Chinese",3.5
"World Marathon Ethiopian Restaurant","Ethiopian",3.5
"Warren Kabob","Mediterranean",4
"Warren Kabob","Middle Eastern",4
"Warren Kabob","Halal",4
"Cold Stone Creamery","Ice Cream & Frozen Yogurt",3
"Cold Stone Creamery","Custom Cakes",3
"Cold Stone Creamery","Cupcakes",3
"Krazy Pizza","Salad",3.5
"Krazy Pizza","Pizza",3.5
"Krazy Pizza","Fish & Chips",3.5
"Luci and Ethel's","Diners",2.5
"Luci and Ethel's","Breakfast & Brunch",2.5
"Grand Circus  Park","Parks",4
"Twin's Taco's","Tacos",5
"Twin's Taco's","Food Trucks",5
"Mini Restaurant","Vietnamese",4
"Simply Spanish","Food Trucks",4
"Simply Spanish","Spanish",4
"Oakwood Bar & Grill","Steakhouses",3.5
"Oakwood Bar & Grill","Bars",3.5
"CaféDIA","Delis",4
"Oakwood Bar & Grill","American (Traditional)",3.5
"CaféDIA","Sandwiches",4
"Bikes & Coffee","Coffee & Tea",4.5
"Bikes & Coffee","Bikes",4.5
"Bikes & Coffee","Bike Repair/Maintenance",4.5
"Sloppy Chops","Bars",3
"Sloppy Chops","American (Traditional)",3
"Sloppy Chops","Pasta Shops",3
"Mexicantown","Local Flavor",3
"Dominion House","Pubs",4.5
"The Foundry Pub","Gastropubs",3.5
"White Castle","Burgers",3
"snack camp","Desserts",5
"CHARMINAR BIRYANI HOUSE","Indian",4
"White Castle","Fast Food",3
"CHARMINAR BIRYANI HOUSE","Buffets",4
"Sisters On A Roll ,Mobile  Cafe","Gluten-Free",5
"Sisters On A Roll ,Mobile  Cafe","Specialty Food",5
"Golden Bowl","Chinese",3.5
"Sisters On A Roll ,Mobile  Cafe","Vegetarian",5
"Sorrento Pizza","Pizza",4
"Coolidge Cafe","American (Traditional)",4
"Coolidge Cafe","Breakfast & Brunch",4
"Coolidge Cafe","Soup",4
"Menjo's Complex","Dance Clubs",3
"Menjo's Complex","Gay Bars",3
"The Pita Post","Middle Eastern",4.5
"The Pita Post","Sandwiches",4.5
"The Pita Post","Food Trucks",4.5
"Uncle Calvin's Sweet Potato Pies","Bakeries",4.5
"Krispy Krunch Chicken","Cajun/Creole",4
"Krispy Krunch Chicken","Fast Food",4
"Krispy Krunch Chicken","Chicken Wings",4
"Omega Hawg & Dawg Deli","Diners",3.5
"Omega Hawg & Dawg Deli","Breakfast & Brunch",3.5
"Omega Hawg & Dawg Deli","American (Traditional)",3.5
"Nevada A Coney Island","Restaurants",5
"Southside Grill","American (Traditional)",4.5
"Fork in Nigeria","African",3
"The Z  Lot","Art Museums",3.5
"Fork in Nigeria","Food Trucks",3
"The Z  Lot","Public Art",3.5
"Dearborn Pizza","Pizza",3.5
"Java Hutt","Breakfast & Brunch",3.5
"Java Hutt","Coffee & Tea",3.5
"Java Hutt","Sandwiches",3.5
"Bibim To Go","Korean",4
"New Center Grill","Mediterranean",3
"New Center Grill","Breakfast & Brunch",3
"New Center Grill","Burgers",3
"Bleu Detroit","Bars",2.5
"Wingstop","Chicken Wings",2
"Pizza Place","Pizza",2.5
"Pizza Place","Chicken Wings",2.5
"Pho Maxim","Vietnamese",3.5
"Bleu Detroit","Dance Clubs",2.5
"Midwest Grille","Soul Food",4
"Midwest Grille","Fish & Chips",4
"Midwest Grille","Chicken Wings",4
"Teresa's Place","Dive Bars",4.5
"Shorty Bell’s Pizza","Pizza",5
"Value Pizza","Pizza",4
"Capri Pizza","Pizza",4.5
"The DragonFly","Sushi Bars",4.5
"The DragonFly","Asian Fusion",4.5
"China One Chinese Restaurant","Chinese",3.5
"Promenade Artisan Foods","Sandwiches",5
"Promenade Artisan Foods","Bakeries",5
"Promenade Artisan Foods","Cafes",5
"Michigan Soldiers' and Sailors' Monument","Landmarks & Historical Buildings",4.5
"Arab American National Museum","Museums",4
"Arab American National Museum","Performing Arts",4
"Phog Lounge","Lounges",5
"Niki's Lounge","Lounges",2.5
"Joe Ann's Bar B-Q","Barbeque",3.5
"Country Boy Restaurant","American (Traditional)",3.5
"Country Boy Restaurant","Breakfast & Brunch",3.5
"CJ's Real Pound Cake","Desserts",5
"Nizam Pastry","Bakeries",4.5
"Starbucks","Coffee & Tea",4.5
"Nizam Pastry","Desserts",4.5
"Great Lakes Sports Bar","Sports Bars",3.5
"Great Lakes Sports Bar","American (Traditional)",3.5
"Stathis Grill","Breakfast & Brunch",4.5
"Great Lakes Sports Bar","Barbeque",3.5
"Stathis Grill","Greek",4.5
"Stathis Grill","Mediterranean",4.5
"Saigon House","Vietnamese",4
"Saigon House","Thai",4
"Colombo's Coney Island Restaurant","American (Traditional)",3.5
"Colombo's Coney Island Restaurant","Diners",3.5
"Colombo's Coney Island Restaurant","Hot Dogs",3.5
"Carribean Island Spice","Caribbean",4.5
"Capuchin Soup Kitcnen Conner Kitchen","Soup",5
"Jimmy John's","Sandwiches",2
"Happy's Pizza","Pizza",2
"Happy's Pizza","Barbeque",2
"Jimmy John's","Delis",2
"Happy's Pizza","Chicken Wings",2
"Jimmy John's","Fast Food",2
"Windsor Seoul Restaurant","Korean",4
"Detroit’s Original Seafood Truck","Food Trucks",5
"Detroit’s Original Seafood Truck","Seafood",5
"Detroit’s Original Seafood Truck","Caterers",5
"Sun Hong BBQ & Seafood","Barbeque",3.5
"Sun Hong BBQ & Seafood","Seafood",3.5
"Sun Hong BBQ & Seafood","Chinese",3.5
"The Garden Theater","Dinner Theater",4
"The Garden Theater","Venues & Event Spaces",4
"Delectabowl Food Truck & Catering","Food Trucks",4
"Delectabowl Food Truck & Catering","Comfort Food",4
"Delectabowl Food Truck & Catering","American (Traditional)",4
"Spacecat V-stro","Comfort Food",5
"Spacecat V-stro","Vegetarian",5
"Sub King Plus","Burgers",5
"Black Horse Cantina","Bars",4
"China One","Chinese",4
"The Guardian Coffee Shop","Coffee & Tea",5
"Chili's","Bars",2
"Sub King Plus","Sandwiches",5
"Chili's","Tex-Mex",2
"Chili's","American (Traditional)",2
"Siam Cuisine","Thai",4
"Station Shawarma","Sandwiches",3
"Station Shawarma","Juice Bars & Smoothies",3
"Station Shawarma","Burgers",3
"Trust Lounge","Lounges",2.5
"La Contessa Ristorante","Italian",4
"La Contessa Ristorante","Desserts",4
"K & M Shish Palace","Mediterranean",4
"La Contessa Ristorante","Cocktail Bars",4
"Metro Fresh Fish & Seafood","Fish & Chips",4
"Metro Fresh Fish & Seafood","Seafood",4
"Metro Fresh Fish & Seafood","Sandwiches",4
"Louisiana Creole Gumbo","Southern",3
"Louisiana Creole Gumbo","Soul Food",3
"Louisiana Creole Gumbo","Cajun/Creole",3
"El Jalapeño Mexican Restaurant & Taqueria","Mexican",4
"The High Dive","Cocktail Bars",5
"The High Dive","Music Venues",5
"The High Dive","Dive Bars",5
"Detroit Vintage","Coffee & Tea",5
"Shish Kabob Express - Allen Park","Seafood",3.5
"Shish Kabob Express - Allen Park","Middle Eastern",3.5
"Le Roi Pastry Shop","Desserts",4.5
"Le Roi Pastry Shop","Bakeries",4.5
"Palette Dining Studio","Buffets",3
"Shish Kabob Express - Allen Park","Mediterranean",3.5
"Take Five Bistro","Seafood",4
"Take Five Bistro","Steakhouses",4
